provider_email,provider_type,password,first_name,last_name,phone,providerNum,startWorkingHours,endWorkingHours,expertise
toby@gmail.com,Pathologist,cs1531,Toby,Turner,0464199972,2148751135,09:00,14:30
gary@gmail.com,GP,cs1531,Gary,Busey,0482334476,6105350212,11:30,13:00
samuel@gmail.com,GP,cs1531,Samuel,Jackson,0476993101,1148350710,07:00,19:00
sid@gmail.com,Pathologist,cs1531,Sid,Wilson,0425973122,6642307341,09:00,15:30
michael@gmail.com,Physiotherapist,cs1531, Michael, Jordan, 0466901134, 1982431245, 08:30,16:30
anna@gmail.com,GP,cs1531,Anna,Smith,0417981005,1185674212,06:30,12:30
thomas@gmail.com,Pharmacist,cs1531,Thomas,Cruise,0422962445,9205046601,07:30,19:30
ian@gmail.com,Physiotherapist,cs1531,Ian,Baker,0481553241,64890457042,06:00,17:00
ben@gmail.com,Specialist,cs1531,Ben,Stiller,0443111609,17347943441,09:30,15:00,Physiotherapy
liam@gmail.com,Specialist,cs1531,Liam,Neeson,0431644431,93454890656,03:00,11:00,Pathology
amy@gmail.com,Specialist,cs1531,Amy,Winehouse,0422125588,33345511800,05:30,14:30,Dental
sarah@gmail.com,Specialist,cs1531,Sarah,Paulson,046977483,10954821448,08:00,17:00,Eyecare
lisa@gmail.com,Specialist,cs1531,Lisa,Schwartz,044346309,48512005789,08:30,14:30,Dental
ric@gmail.com,Specialist,cs1531,Ric,Flair,047711543,98785001225,10:00,18:00,Physiotherapy
peter@gmail.com,Specialist,cs1531,Peter,Dinklage,041195443,87439012327,06:00,20:30,Dental
